{
"lengthUnit": "mil",
"remark": [],
"components": {
	"fields": ["COMPONENT_NO", "COMPONENT_NAME", "LAYER", "X_COORDINATE", "Y_COORDINATE", "ANGLE"],
	"rows": [
		[1, "C1", "T", 1895, -835, 0],
		[2, "LED1", "T", 360, -990, 0],
		[3, "R1", "T", 1890, -1100, 0],
		[4, "U1", "T", 1885, -980, 0],
		[5, "U2", "T", 2955, -985, 90],
		[6, "PAD1", "T", 1922.56, -835, 0],
		[7, "PAD2", "T", 1867.44, -835, 0],
		[8, "PAD3", "T", 1919.66, -1100, 0],
		[9, "PAD4", "T", 1860.34, -1100, 0],
		[10, "PAD5", "B", 2430, -1010, 0],
		[11, "PAD6", "B", 2580, -960, 0],
		[12, "PAD7", "T", 318.65, -990, 0],
		[13, "PAD8", "T", 401.35, -990, 0],
		[14, "PAD9", "T", 1885.001, -956.383, 0],
		[15, "PAD10", "T", 1908.621, -960.323, 0],
		[16, "PAD11", "T", 1908.621, -980.003, 0],
		[17, "PAD12", "T", 1908.621, -999.693, 0],
		[18, "PAD13", "T", 1885.001, -1003.623, 0],
		[19, "PAD14", "T", 1861.381, -999.683, 0],
		[20, "PAD15", "T", 1861.381, -980.003, 0],
		[21, "PAD16", "T", 1861.381, -960.323, 0]
	]
},
"pins": {
	"fields": ["PIN_NO", "PIN_NAME", "PIN_X", "PIN_Y", "LAYER", "PIN_TYPE", "NET_NAME", "NET_TYPE", "PAD_SHAPE", "PAD_SIZEX", "PAD_SIZEY", "HOLE_SIZE", "HOLE_LEN", "PAD_ANGLE"],
	"rows": [
		[1, "C1_1", 1867.44, -835, "T", "SMD", "U1_2", "", "R", 31.496, 35.433, 0, 0, 0],
		[2, "C1_2", 1922.56, -835, "T", "SMD", "U1_7", "", "R", 31.496, 35.433, 0, 0, 0],
		[3, "LED1_1", 401.35, -990, "T", "SMD", "LED1_1", "", "R", 39.37, 55.1, 0, 0, 180],
		[4, "LED1_2", 318.65, -990, "T", "SMD", "U1_2", "", "R", 39.37, 55.1, 0, 0, 180],
		[5, "R1_1", 1860.34, -1100, "T", "SMD", "LED1_1", "", "R", 31.751, 34.016, 0, 0, 0],
		[6, "R1_2", 1919.66, -1100, "T", "SMD", "U1_7", "", "R", 31.751, 34.016, 0, 0, 0],
		[7, "U1_1", 1861.381, -960.323, "T", "SMD", "U1_1", "", "R", 15.748, 11.024, 0, 0, 0],
		[8, "U1_2", 1861.381, -980.003, "T", "SMD", "U1_2", "", "R", 15.748, 8.661, 0, 0, 0],
		[9, "U1_3", 1861.381, -999.683, "T", "SMD", "U1_3", "", "R", 15.748, 8.661, 0, 0, 0],
		[10, "U1_4", 1885.001, -1003.623, "T", "SMD", "U1_4", "", "R", 15.748, 8.661, 0, 0, 90],
		[11, "U1_5", 1908.621, -999.693, "T", "SMD", "U1_5", "", "R", 15.748, 8.661, 0, 0, 0],
		[12, "U1_6", 1908.621, -980.003, "T", "SMD", "U1_7", "", "R", 15.748, 8.661, 0, 0, 0],
		[13, "U1_7", 1908.621, -960.323, "T", "SMD", "U1_7", "", "R", 15.748, 8.661, 0, 0, 0],
		[14, "U1_8", 1885.001, -956.383, "T", "SMD", "U1_8", "", "R", 15.748, 8.661, 0, 0, 90],
		[15, "U2_P$1", 2430, -1010, "B", "SMD", "U1_1", "", "R", 29.53, 11.81, 0, 0, 180],
		[16, "U2_P$2", 2580, -960, "B", "SMD", "U1_8", "", "C", 31.81, 31.81, 0, 0, 90],
		[17, "PAD1_2", 1922.56, -835, "T", "SMD", "U1_7", "", "R", 31.496, 35.433, 0, 0, 0],
		[18, "PAD2_1", 1867.44, -835, "T", "SMD", "U1_2", "", "R", 31.496, 35.433, 0, 0, 0],
		[19, "PAD3_2", 1919.66, -1100, "T", "SMD", "U1_7", "", "R", 31.751, 34.016, 0, 0, 0],
		[20, "PAD4_1", 1860.34, -1100, "T", "SMD", "LED1_1", "", "R", 31.751, 34.016, 0, 0, 0],
		[21, "PAD5_P$1", 2430, -1010, "B", "SMD", "U1_1", "", "R", 29.53, 11.81, 0, 0, 180],
		[22, "PAD6_P$2", 2580, -960, "B", "SMD", "U1_8", "", "C", 31.81, 31.81, 0, 0, 90],
		[23, "PAD7_2", 318.65, -990, "T", "SMD", "U1_2", "", "R", 39.37, 55.1, 0, 0, 180],
		[24, "PAD8_1", 401.35, -990, "T", "SMD", "LED1_1", "", "R", 39.37, 55.1, 0, 0, 180],
		[25, "PAD9_8", 1885.001, -956.383, "T", "SMD", "U1_8", "", "R", 15.748, 8.661, 0, 0, 90],
		[26, "PAD10_7", 1908.621, -960.323, "T", "SMD", "U1_7", "", "R", 15.748, 8.661, 0, 0, 0],
		[27, "PAD11_6", 1908.621, -980.003, "T", "SMD", "U1_7", "", "R", 15.748, 8.661, 0, 0, 0],
		[28, "PAD12_5", 1908.621, -999.693, "T", "SMD", "U1_5", "", "R", 15.748, 8.661, 0, 0, 0],
		[29, "PAD13_4", 1885.001, -1003.623, "T", "SMD", "U1_4", "", "R", 15.748, 8.661, 0, 0, 90],
		[30, "PAD14_3", 1861.381, -999.683, "T", "SMD", "U1_3", "", "R", 15.748, 8.661, 0, 0, 0],
		[31, "PAD15_2", 1861.381, -980.003, "T", "SMD", "U1_2", "", "R", 15.748, 8.661, 0, 0, 0],
		[32, "PAD16_1", 1861.381, -960.323, "T", "SMD", "U1_1", "", "R", 15.748, 11.024, 0, 0, 0]
	]
}
}